<?xml version="1.0" encoding="UTF-8"?>
<project-private xmlns="http://www.netbeans.org/ns/project-private/1">
    <editor-bookmarks xmlns="http://www.netbeans.org/ns/editor-bookmarks/2" lastBookmarkId="0"/>
    <open-files xmlns="http://www.netbeans.org/ns/projectui-open-files/2">
        <group>
            <file>file:/C:/Users/Dell/Documents/NetBeansProjects/project1/src/view/crochet.jpg</file>
            <file>file:/C:/Users/Dell/Documents/NetBeansProjects/project1/src/view/sign.java</file>
            <file>file:/C:/Users/Dell/Documents/NetBeansProjects/project1/src/view/back.jpg</file>
            <file>file:/C:/Users/Dell/Documents/NetBeansProjects/project1/src/view/Pricelist1.java</file>
            <file>file:/C:/Users/Dell/Documents/NetBeansProjects/project1/src/view/firstInf.java</file>
            <file>file:/C:/Users/Dell/Documents/NetBeansProjects/project1/src/controller/loginController.java</file>
            <file>file:/C:/Users/Dell/Documents/NetBeansProjects/project1/src/view/sign.jpg</file>
            <file>file:/C:/Users/Dell/Documents/NetBeansProjects/project1/src/view/item.java</file>
            <file>file:/C:/Users/Dell/Documents/NetBeansProjects/project1/src/view/loginInf.java</file>
            <file>file:/C:/Users/Dell/Documents/NetBeansProjects/project1/src/view/cart.java</file>
            <file>file:/C:/Users/Dell/Documents/NetBeansProjects/project1/src/model/DBSearch.java</file>
            <file>file:/C:/Users/Dell/Documents/NetBeansProjects/project1/src/view/card.java</file>
            <file>file:/C:/Users/Dell/Documents/NetBeansProjects/project1/src/model/DBconnection.java</file>
            <file>file:/C:/Users/Dell/Documents/NetBeansProjects/project1/src/project1/Project1.java</file>
            <file>file:/C:/Users/Dell/Documents/NetBeansProjects/project1/src/view/Details.java</file>
            <file>file:/C:/Users/Dell/Documents/NetBeansProjects/project1/src/view/color.jpg</file>
        </group>
    </open-files>
</project-private>
